evidence_file,row_number,status,source_files,field,transcribed_value,archived_value,field_status,method,note
arm_configuration_20260805.csv,2,verified,configs/semantic_calibration_v0.yaml,updates,0.0,0,match,Frozen probe has no calibration updates.,
arm_configuration_20260805.csv,3,verified,outputs/flair_b1_b0_seed19/run_config.json,updates,25220.0,25220,match,Derived from archived run configuration and batch composition.,
arm_configuration_20260805.csv,3,verified,outputs/flair_b1_b0_seed19/run_config.json,source_crops_per_update,2.0,2,match,Derived from archived run configuration and batch composition.,
arm_configuration_20260805.csv,3,verified,outputs/flair_b1_b0_seed19/run_config.json,loveda_crop_exposures_total,50440.0,50440,match,Derived from archived run configuration and batch composition.,
arm_configuration_20260805.csv,3,verified,outputs/flair_b1_b0_seed19/run_config.json,flair_crops_per_update,0,0,match,Derived from archived run configuration and batch composition.,
arm_configuration_20260805.csv,4,verified,outputs/flair_b1_b0_half_seed19/run_config.json,updates,25220.0,25220,match,Derived from archived run configuration and batch composition.,
arm_configuration_20260805.csv,4,verified,outputs/flair_b1_b0_half_seed19/run_config.json,source_crops_per_update,1.0,1,match,Derived from archived run configuration and batch composition.,
arm_configuration_20260805.csv,4,verified,outputs/flair_b1_b0_half_seed19/run_config.json,loveda_crop_exposures_total,25220.0,25220,match,Derived from archived run configuration and batch composition.,
arm_configuration_20260805.csv,4,verified,outputs/flair_b1_b0_half_seed19/run_config.json,flair_crops_per_update,0,0,match,Derived from archived run configuration and batch composition.,
arm_configuration_20260805.csv,5,verified,outputs/flair_b1_b0_half_batch2_seed19/run_config.json,updates,25220.0,25220,match,Derived from archived run configuration and batch composition.,
arm_configuration_20260805.csv,5,verified,outputs/flair_b1_b0_half_batch2_seed19/run_config.json,source_crops_per_update,1 deterministic crop duplicated,1 deterministic crop duplicated,match,Derived from archived run configuration and batch composition.,
arm_configuration_20260805.csv,5,verified,outputs/flair_b1_b0_half_batch2_seed19/run_config.json,loveda_crop_exposures_total,25220.0,25220,match,Derived from archived run configuration and batch composition.,
arm_configuration_20260805.csv,5,verified,outputs/flair_b1_b0_half_batch2_seed19/run_config.json,flair_crops_per_update,0,0,match,Derived from archived run configuration and batch composition.,
arm_configuration_20260805.csv,6,verified,outputs/flair_b1_b1_seed19/run_config.json,updates,25220.0,25220,match,Derived from archived run configuration and batch composition.,
arm_configuration_20260805.csv,6,verified,outputs/flair_b1_b1_seed19/run_config.json,source_crops_per_update,1.0,1,match,Derived from archived run configuration and batch composition.,
arm_configuration_20260805.csv,6,verified,outputs/flair_b1_b1_seed19/run_config.json,loveda_crop_exposures_total,25220.0,25220,match,Derived from archived run configuration and batch composition.,
arm_configuration_20260805.csv,6,verified,outputs/flair_b1_b1_seed19/run_config.json,flair_crops_per_update,1 raw-ID-10 FLAIR crop,1 raw-ID-10 FLAIR crop,match,Derived from archived run configuration and batch composition.,
arm_configuration_20260805.csv,7,verified,outputs/b2_openearthmap_e1_seed19/run_config.json,updates_as_epochs,20 epochs,20 epochs,match,Direct comparison to the archived B2 epoch count.,
arm_configuration_20260805.csv,8,verified,protocols/P1_COVERAGE_GUARD_IMPLEMENTATION_AMENDMENT_2026-08-02.md|outputs/e3_coverage_guard_openearthmap_smoke_v2/metrics.json,updates,not headline,not headline,match,Negative-control arm is protocol-defined and excluded from headline training comparisons.,
b2_direct_supervision_20260806.csv,2,verified,outputs/b2_openearthmap_e1_seed19/metrics.json|outputs/b2_openearthmap_e1_seed19/run_config.json,rangeland_iou,0.39344288999147853,0.39344288999147853,match,Direct fields from the archived B2 held-out metrics.,
b2_direct_supervision_20260806.csv,2,verified,outputs/b2_openearthmap_e1_seed19/metrics.json|outputs/b2_openearthmap_e1_seed19/run_config.json,mean_iou,0.5206919473039879,0.5206919473039879,match,Direct fields from the archived B2 held-out metrics.,
b2_direct_supervision_20260806.csv,2,verified,outputs/b2_openearthmap_e1_seed19/metrics.json|outputs/b2_openearthmap_e1_seed19/run_config.json,test_rasters,595.0,595,match,Direct fields from the archived B2 held-out metrics.,
b2_direct_supervision_20260806.csv,3,verified,outputs/b2_openearthmap_e1_seed37/metrics.json|outputs/b2_openearthmap_e1_seed37/run_config.json,rangeland_iou,0.3889750143400203,0.3889750143400203,match,Direct fields from the archived B2 held-out metrics.,
b2_direct_supervision_20260806.csv,3,verified,outputs/b2_openearthmap_e1_seed37/metrics.json|outputs/b2_openearthmap_e1_seed37/run_config.json,mean_iou,0.5290992539457616,0.5290992539457616,match,Direct fields from the archived B2 held-out metrics.,
b2_direct_supervision_20260806.csv,3,verified,outputs/b2_openearthmap_e1_seed37/metrics.json|outputs/b2_openearthmap_e1_seed37/run_config.json,test_rasters,595.0,595,match,Direct fields from the archived B2 held-out metrics.,
b2_direct_supervision_20260806.csv,4,verified,outputs/b2_openearthmap_e1_seed73/metrics.json|outputs/b2_openearthmap_e1_seed73/run_config.json,rangeland_iou,0.3776265417196102,0.3776265417196102,match,Direct fields from the archived B2 held-out metrics.,
b2_direct_supervision_20260806.csv,4,verified,outputs/b2_openearthmap_e1_seed73/metrics.json|outputs/b2_openearthmap_e1_seed73/run_config.json,mean_iou,0.5108109165513326,0.5108109165513326,match,Direct fields from the archived B2 held-out metrics.,
b2_direct_supervision_20260806.csv,4,verified,outputs/b2_openearthmap_e1_seed73/metrics.json|outputs/b2_openearthmap_e1_seed73/run_config.json,test_rasters,595.0,595,match,Direct fields from the archived B2 held-out metrics.,
b2_direct_supervision_20260806.csv,5,verified,outputs/b2_openearthmap_e1_seed19/metrics.json|outputs/b2_openearthmap_e1_seed37/metrics.json|outputs/b2_openearthmap_e1_seed73/metrics.json,rangeland_iou,0.38668148201703634,0.38668148201703634,match,Arithmetic mean recomputed from the three archived held-out metrics files.,
b2_direct_supervision_20260806.csv,5,verified,outputs/b2_openearthmap_e1_seed19/metrics.json|outputs/b2_openearthmap_e1_seed37/metrics.json|outputs/b2_openearthmap_e1_seed73/metrics.json,mean_iou,0.520200705933694,0.520200705933694,match,Arithmetic mean recomputed from the three archived held-out metrics files.,
b2_direct_supervision_bootstrap_20260806.csv,2,verified,outputs/b2_openearthmap_bootstrap_summary.json,estimate,0.376292,0.3762923871524247,match,Direct fields from the archived B2 city-bootstrap summary.,
b2_direct_supervision_bootstrap_20260806.csv,2,verified,outputs/b2_openearthmap_bootstrap_summary.json,ci_lower,0.343018,0.34301780110221114,match,Direct fields from the archived B2 city-bootstrap summary.,
b2_direct_supervision_bootstrap_20260806.csv,2,verified,outputs/b2_openearthmap_bootstrap_summary.json,ci_upper,0.40302,0.403020181178671,match,Direct fields from the archived B2 city-bootstrap summary.,
oem_contrasts_20260805.csv,2,verified,outputs/flair_b1_oem_no_paris_bootstrap_summary.json,estimate,0.311761,0.3117611460992006,match,Direct field(s) from the archived paired-bootstrap summary.,
oem_contrasts_20260805.csv,2,verified,outputs/flair_b1_oem_no_paris_bootstrap_summary.json,ci_lower,0.282103,0.28210301012274785,match,Direct field(s) from the archived paired-bootstrap summary.,
oem_contrasts_20260805.csv,2,verified,outputs/flair_b1_oem_no_paris_bootstrap_summary.json,ci_upper,0.339855,0.339854602496308,match,Direct field(s) from the archived paired-bootstrap summary.,
oem_contrasts_20260805.csv,3,verified,outputs/flair_b1_oem_no_paris_bootstrap_summary.json,estimate,-0.042163,-0.0421625855533333,match,Direct field(s) from the archived paired-bootstrap summary.,
oem_contrasts_20260805.csv,4,verified,outputs/flair_supported_leaf_bootstrap_summary.json,estimate,-0.10115,-0.10114987416208893,match,Direct field(s) from the archived paired-bootstrap summary.,
oem_contrasts_20260805.csv,4,verified,outputs/flair_supported_leaf_bootstrap_summary.json,ci_lower,-0.121276,-0.12127595031339952,match,Direct field(s) from the archived paired-bootstrap summary.,
oem_contrasts_20260805.csv,4,verified,outputs/flair_supported_leaf_bootstrap_summary.json,ci_upper,-0.082108,-0.08210833882923758,match,Direct field(s) from the archived paired-bootstrap summary.,
oem_contrasts_20260805.csv,5,verified,outputs/flair_b0_half_oem_no_paris_bootstrap_summary.json,estimate,-0.006941,-0.006940505586884416,match,Direct field(s) from the archived paired-bootstrap summary.,
oem_contrasts_20260805.csv,5,verified,outputs/flair_b0_half_oem_no_paris_bootstrap_summary.json,ci_lower,-0.010008,-0.010007643985387057,match,Direct field(s) from the archived paired-bootstrap summary.,
oem_contrasts_20260805.csv,5,verified,outputs/flair_b0_half_oem_no_paris_bootstrap_summary.json,ci_upper,-0.003804,-0.003804389889808211,match,Direct field(s) from the archived paired-bootstrap summary.,
oem_contrasts_20260805.csv,6,verified,outputs/flair_b0_half_oem_no_paris_bootstrap_summary.json,estimate,-0.035222,-0.03522207996644888,match,Direct field(s) from the archived paired-bootstrap summary.,
oem_contrasts_20260805.csv,6,verified,outputs/flair_b0_half_oem_no_paris_bootstrap_summary.json,ci_lower,-0.053812,-0.05381182553419996,match,Direct field(s) from the archived paired-bootstrap summary.,
oem_contrasts_20260805.csv,6,verified,outputs/flair_b0_half_oem_no_paris_bootstrap_summary.json,ci_upper,-0.018212,-0.01821186960393061,match,Direct field(s) from the archived paired-bootstrap summary.,
oem_contrasts_20260805.csv,7,verified,outputs/flair_batch_control_summary.json,estimate,0.0,0.0,match,Direct field(s) from the archived paired-bootstrap summary.,
oem_contrasts_20260805.csv,7,verified,outputs/flair_batch_control_summary.json,ci_lower,0.0,0.0,match,Direct field(s) from the archived paired-bootstrap summary.,
oem_contrasts_20260805.csv,7,verified,outputs/flair_batch_control_summary.json,ci_upper,0.0,0.0,match,Direct field(s) from the archived paired-bootstrap summary.,
oem_contrasts_20260805.csv,8,verified,outputs/flair_batch_control_summary.json,estimate,0.311761,0.31176119962271587,match,Direct field(s) from the archived paired-bootstrap summary.,
oem_contrasts_20260805.csv,8,verified,outputs/flair_batch_control_summary.json,ci_lower,0.281944,0.28194377089895967,match,Direct field(s) from the archived paired-bootstrap summary.,
oem_contrasts_20260805.csv,8,verified,outputs/flair_batch_control_summary.json,ci_upper,0.339921,0.33992114061045225,match,Direct field(s) from the archived paired-bootstrap summary.,
oem_leaf_contrasts_20260805.csv,2,verified,outputs/flair_b1_oem_no_paris_bootstrap_summary.json,estimate,-0.019576,-0.019575980695054063,match,Direct per-leaf fields from the archived paired-bootstrap summary.,
oem_leaf_contrasts_20260805.csv,2,verified,outputs/flair_b1_oem_no_paris_bootstrap_summary.json,ci_lower,-0.048814,-0.048813924348977036,match,Direct per-leaf fields from the archived paired-bootstrap summary.,
oem_leaf_contrasts_20260805.csv,2,verified,outputs/flair_b1_oem_no_paris_bootstrap_summary.json,ci_upper,0.005547,0.005546887849560857,match,Direct per-leaf fields from the archived paired-bootstrap summary.,
oem_leaf_contrasts_20260805.csv,3,verified,outputs/flair_b1_oem_no_paris_bootstrap_summary.json,estimate,-0.148178,-0.1481780735796438,match,Direct per-leaf fields from the archived paired-bootstrap summary.,
oem_leaf_contrasts_20260805.csv,3,verified,outputs/flair_b1_oem_no_paris_bootstrap_summary.json,ci_lower,-0.184531,-0.18453051499003667,match,Direct per-leaf fields from the archived paired-bootstrap summary.,
oem_leaf_contrasts_20260805.csv,3,verified,outputs/flair_b1_oem_no_paris_bootstrap_summary.json,ci_upper,-0.113413,-0.11341255262055601,match,Direct per-leaf fields from the archived paired-bootstrap summary.,
oem_leaf_contrasts_20260805.csv,4,verified,outputs/flair_b1_oem_no_paris_bootstrap_summary.json,estimate,-0.155402,-0.1554021166828285,match,Direct per-leaf fields from the archived paired-bootstrap summary.,
oem_leaf_contrasts_20260805.csv,4,verified,outputs/flair_b1_oem_no_paris_bootstrap_summary.json,ci_lower,-0.188001,-0.18800124091461334,match,Direct per-leaf fields from the archived paired-bootstrap summary.,
oem_leaf_contrasts_20260805.csv,4,verified,outputs/flair_b1_oem_no_paris_bootstrap_summary.json,ci_upper,-0.122461,-0.12246129225485396,match,Direct per-leaf fields from the archived paired-bootstrap summary.,
oem_leaf_contrasts_20260805.csv,5,verified,outputs/flair_b1_oem_no_paris_bootstrap_summary.json,estimate,0.311761,0.3117611460992006,match,Direct per-leaf fields from the archived paired-bootstrap summary.,
oem_leaf_contrasts_20260805.csv,5,verified,outputs/flair_b1_oem_no_paris_bootstrap_summary.json,ci_lower,0.282103,0.28210301012274785,match,Direct per-leaf fields from the archived paired-bootstrap summary.,
oem_leaf_contrasts_20260805.csv,5,verified,outputs/flair_b1_oem_no_paris_bootstrap_summary.json,ci_upper,0.339855,0.339854602496308,match,Direct per-leaf fields from the archived paired-bootstrap summary.,
oem_leaf_contrasts_20260805.csv,6,verified,outputs/flair_b1_oem_no_paris_bootstrap_summary.json,estimate,-0.200454,-0.20045416460940502,match,Direct per-leaf fields from the archived paired-bootstrap summary.,
oem_leaf_contrasts_20260805.csv,6,verified,outputs/flair_b1_oem_no_paris_bootstrap_summary.json,ci_lower,-0.249718,-0.24971755699047773,match,Direct per-leaf fields from the archived paired-bootstrap summary.,
oem_leaf_contrasts_20260805.csv,6,verified,outputs/flair_b1_oem_no_paris_bootstrap_summary.json,ci_upper,-0.149754,-0.1497539677785969,match,Direct per-leaf fields from the archived paired-bootstrap summary.,
oem_leaf_contrasts_20260805.csv,7,verified,outputs/flair_b1_oem_no_paris_bootstrap_summary.json,estimate,-0.0508,-0.050799561380310956,match,Direct per-leaf fields from the archived paired-bootstrap summary.,
oem_leaf_contrasts_20260805.csv,7,verified,outputs/flair_b1_oem_no_paris_bootstrap_summary.json,ci_lower,-0.109416,-0.10941645140105828,match,Direct per-leaf fields from the archived paired-bootstrap summary.,
oem_leaf_contrasts_20260805.csv,7,verified,outputs/flair_b1_oem_no_paris_bootstrap_summary.json,ci_upper,-0.001025,-0.0010251843335219424,match,Direct per-leaf fields from the archived paired-bootstrap summary.,
oem_leaf_contrasts_20260805.csv,8,verified,outputs/flair_b1_oem_no_paris_bootstrap_summary.json,estimate,-0.032489,-0.032489348025291354,match,Direct per-leaf fields from the archived paired-bootstrap summary.,
oem_leaf_contrasts_20260805.csv,8,verified,outputs/flair_b1_oem_no_paris_bootstrap_summary.json,ci_lower,-0.070992,-0.070991826017759,match,Direct per-leaf fields from the archived paired-bootstrap summary.,
oem_leaf_contrasts_20260805.csv,8,verified,outputs/flair_b1_oem_no_paris_bootstrap_summary.json,ci_upper,0.00676,0.0067598221414832006,match,Direct per-leaf fields from the archived paired-bootstrap summary.,
oem_leaf_contrasts_20260805.csv,9,verified,outputs/flair_b0_half_oem_no_paris_bootstrap_summary.json,estimate,-0.009911,-0.009911018436649877,match,Direct per-leaf fields from the archived paired-bootstrap summary.,
oem_leaf_contrasts_20260805.csv,9,verified,outputs/flair_b0_half_oem_no_paris_bootstrap_summary.json,ci_lower,-0.012353,-0.012353005218227714,match,Direct per-leaf fields from the archived paired-bootstrap summary.,
oem_leaf_contrasts_20260805.csv,9,verified,outputs/flair_b0_half_oem_no_paris_bootstrap_summary.json,ci_upper,-0.007558,-0.0075576477893664834,match,Direct per-leaf fields from the archived paired-bootstrap summary.,
oem_leaf_contrasts_20260805.csv,10,verified,outputs/flair_b0_half_oem_no_paris_bootstrap_summary.json,estimate,-0.001396,-0.0013956553853210485,match,Direct per-leaf fields from the archived paired-bootstrap summary.,
oem_leaf_contrasts_20260805.csv,10,verified,outputs/flair_b0_half_oem_no_paris_bootstrap_summary.json,ci_lower,-0.003549,-0.003549234779471361,match,Direct per-leaf fields from the archived paired-bootstrap summary.,
oem_leaf_contrasts_20260805.csv,10,verified,outputs/flair_b0_half_oem_no_paris_bootstrap_summary.json,ci_upper,0.001048,0.0010478831475073042,match,Direct per-leaf fields from the archived paired-bootstrap summary.,
oem_leaf_contrasts_20260805.csv,11,verified,outputs/flair_b0_half_oem_no_paris_bootstrap_summary.json,estimate,-0.005538,-0.005538204712839612,match,Direct per-leaf fields from the archived paired-bootstrap summary.,
oem_leaf_contrasts_20260805.csv,11,verified,outputs/flair_b0_half_oem_no_paris_bootstrap_summary.json,ci_lower,-0.010122,-0.010121733472025241,match,Direct per-leaf fields from the archived paired-bootstrap summary.,
oem_leaf_contrasts_20260805.csv,11,verified,outputs/flair_b0_half_oem_no_paris_bootstrap_summary.json,ci_upper,-0.000468,-0.0004682237619927058,match,Direct per-leaf fields from the archived paired-bootstrap summary.,
oem_leaf_contrasts_20260805.csv,12,verified,outputs/flair_b0_half_oem_no_paris_bootstrap_summary.json,estimate,0.0,-5.352351530267294e-08,match,Direct per-leaf fields from the archived paired-bootstrap summary.,
oem_leaf_contrasts_20260805.csv,12,verified,outputs/flair_b0_half_oem_no_paris_bootstrap_summary.json,ci_lower,0.0,-1.7244651637268854e-07,match,Direct per-leaf fields from the archived paired-bootstrap summary.,
oem_leaf_contrasts_20260805.csv,12,verified,outputs/flair_b0_half_oem_no_paris_bootstrap_summary.json,ci_upper,0.0,0.0,match,Direct per-leaf fields from the archived paired-bootstrap summary.,
oem_leaf_contrasts_20260805.csv,13,verified,outputs/flair_b0_half_oem_no_paris_bootstrap_summary.json,estimate,-0.006378,-0.00637797266700002,match,Direct per-leaf fields from the archived paired-bootstrap summary.,
oem_leaf_contrasts_20260805.csv,13,verified,outputs/flair_b0_half_oem_no_paris_bootstrap_summary.json,ci_lower,-0.015894,-0.015893617177184426,match,Direct per-leaf fields from the archived paired-bootstrap summary.,
oem_leaf_contrasts_20260805.csv,13,verified,outputs/flair_b0_half_oem_no_paris_bootstrap_summary.json,ci_upper,0.002125,0.002125047006874822,match,Direct per-leaf fields from the archived paired-bootstrap summary.,
oem_leaf_contrasts_20260805.csv,14,verified,outputs/flair_b0_half_oem_no_paris_bootstrap_summary.json,estimate,0.007537,0.007537039964264858,match,Direct per-leaf fields from the archived paired-bootstrap summary.,
oem_leaf_contrasts_20260805.csv,14,verified,outputs/flair_b0_half_oem_no_paris_bootstrap_summary.json,ci_lower,0.002466,0.0024662316984453885,match,Direct per-leaf fields from the archived paired-bootstrap summary.,
oem_leaf_contrasts_20260805.csv,14,verified,outputs/flair_b0_half_oem_no_paris_bootstrap_summary.json,ci_upper,0.012555,0.012555312187698665,match,Direct per-leaf fields from the archived paired-bootstrap summary.,
oem_leaf_contrasts_20260805.csv,15,verified,outputs/flair_b0_half_oem_no_paris_bootstrap_summary.json,estimate,-0.032898,-0.03289767434712998,match,Direct per-leaf fields from the archived paired-bootstrap summary.,
oem_leaf_contrasts_20260805.csv,15,verified,outputs/flair_b0_half_oem_no_paris_bootstrap_summary.json,ci_lower,-0.044686,-0.044686178776616466,match,Direct per-leaf fields from the archived paired-bootstrap summary.,
oem_leaf_contrasts_20260805.csv,15,verified,outputs/flair_b0_half_oem_no_paris_bootstrap_summary.json,ci_upper,-0.020216,-0.020215560660969172,match,Direct per-leaf fields from the archived paired-bootstrap summary.,
oem_leaf_contrasts_20260805.csv,16,verified,outputs/flair_b0_half_oem_no_paris_bootstrap_summary.json,estimate,-0.009665,-0.009664962258404186,match,Direct per-leaf fields from the archived paired-bootstrap summary.,
oem_leaf_contrasts_20260805.csv,16,verified,outputs/flair_b0_half_oem_no_paris_bootstrap_summary.json,ci_lower,-0.038292,-0.038291507205803224,match,Direct per-leaf fields from the archived paired-bootstrap summary.,
oem_leaf_contrasts_20260805.csv,16,verified,outputs/flair_b0_half_oem_no_paris_bootstrap_summary.json,ci_upper,0.015254,0.015254198385028834,match,Direct per-leaf fields from the archived paired-bootstrap summary.,
oem_leaf_contrasts_20260805.csv,17,verified,outputs/flair_b0_half_oem_no_paris_bootstrap_summary.json,estimate,-0.146782,-0.14678241819432275,match,Direct per-leaf fields from the archived paired-bootstrap summary.,
oem_leaf_contrasts_20260805.csv,17,verified,outputs/flair_b0_half_oem_no_paris_bootstrap_summary.json,ci_lower,-0.183231,-0.18323133492407792,match,Direct per-leaf fields from the archived paired-bootstrap summary.,
oem_leaf_contrasts_20260805.csv,17,verified,outputs/flair_b0_half_oem_no_paris_bootstrap_summary.json,ci_upper,-0.111716,-0.11171602184938911,match,Direct per-leaf fields from the archived paired-bootstrap summary.,
oem_leaf_contrasts_20260805.csv,18,verified,outputs/flair_b0_half_oem_no_paris_bootstrap_summary.json,estimate,-0.149864,-0.14986391196998888,match,Direct per-leaf fields from the archived paired-bootstrap summary.,
oem_leaf_contrasts_20260805.csv,18,verified,outputs/flair_b0_half_oem_no_paris_bootstrap_summary.json,ci_lower,-0.182417,-0.1824168240573391,match,Direct per-leaf fields from the archived paired-bootstrap summary.,
oem_leaf_contrasts_20260805.csv,18,verified,outputs/flair_b0_half_oem_no_paris_bootstrap_summary.json,ci_upper,-0.118498,-0.11849827945183279,match,Direct per-leaf fields from the archived paired-bootstrap summary.,
oem_leaf_contrasts_20260805.csv,19,verified,outputs/flair_b0_half_oem_no_paris_bootstrap_summary.json,estimate,0.311761,0.31176119962271587,match,Direct per-leaf fields from the archived paired-bootstrap summary.,
oem_leaf_contrasts_20260805.csv,19,verified,outputs/flair_b0_half_oem_no_paris_bootstrap_summary.json,ci_lower,0.282103,0.28210301203261606,match,Direct per-leaf fields from the archived paired-bootstrap summary.,
oem_leaf_contrasts_20260805.csv,19,verified,outputs/flair_b0_half_oem_no_paris_bootstrap_summary.json,ci_upper,0.339855,0.33985473875344174,match,Direct per-leaf fields from the archived paired-bootstrap summary.,
oem_leaf_contrasts_20260805.csv,20,verified,outputs/flair_b0_half_oem_no_paris_bootstrap_summary.json,estimate,-0.194076,-0.194076191942405,match,Direct per-leaf fields from the archived paired-bootstrap summary.,
oem_leaf_contrasts_20260805.csv,20,verified,outputs/flair_b0_half_oem_no_paris_bootstrap_summary.json,ci_lower,-0.237927,-0.23792702499909166,match,Direct per-leaf fields from the archived paired-bootstrap summary.,
oem_leaf_contrasts_20260805.csv,20,verified,outputs/flair_b0_half_oem_no_paris_bootstrap_summary.json,ci_upper,-0.148511,-0.14851125584147537,match,Direct per-leaf fields from the archived paired-bootstrap summary.,
oem_leaf_contrasts_20260805.csv,21,verified,outputs/flair_b0_half_oem_no_paris_bootstrap_summary.json,estimate,-0.058337,-0.058336601344575814,match,Direct per-leaf fields from the archived paired-bootstrap summary.,
oem_leaf_contrasts_20260805.csv,21,verified,outputs/flair_b0_half_oem_no_paris_bootstrap_summary.json,ci_lower,-0.117595,-0.11759531482890019,match,Direct per-leaf fields from the archived paired-bootstrap summary.,
oem_leaf_contrasts_20260805.csv,21,verified,outputs/flair_b0_half_oem_no_paris_bootstrap_summary.json,ci_upper,-0.0055,-0.005500072070451033,match,Direct per-leaf fields from the archived paired-bootstrap summary.,
oem_leaf_contrasts_20260805.csv,22,verified,outputs/flair_b0_half_oem_no_paris_bootstrap_summary.json,estimate,0.000408,0.0004083263218386257,match,Direct per-leaf fields from the archived paired-bootstrap summary.,
oem_leaf_contrasts_20260805.csv,22,verified,outputs/flair_b0_half_oem_no_paris_bootstrap_summary.json,ci_lower,-0.044234,-0.04423431715793865,match,Direct per-leaf fields from the archived paired-bootstrap summary.,
oem_leaf_contrasts_20260805.csv,22,verified,outputs/flair_b0_half_oem_no_paris_bootstrap_summary.json,ci_upper,0.047413,0.0474131408259397,match,Direct per-leaf fields from the archived paired-bootstrap summary.,
oem_seed_metrics_20260805.csv,2,verified,outputs/flair_b1_b0_oem_no_paris_seed19/metrics.json,mean_iou,0.382958,0.3829581828795648,match,Original replay log transcription checked against the archived per-seed metrics JSON.,
oem_seed_metrics_20260805.csv,2,verified,outputs/flair_b1_b0_oem_no_paris_seed19/metrics.json,rangeland_iou,1.60571e-07,1.6057054590801882e-07,match,Original replay log transcription checked against the archived per-seed metrics JSON.,
oem_seed_metrics_20260805.csv,3,verified,outputs/flair_b1_b1_oem_no_paris_seed19/metrics.json,mean_iou,0.339969,0.33996929302489215,match,Original replay log transcription checked against the archived per-seed metrics JSON.,
oem_seed_metrics_20260805.csv,3,verified,outputs/flair_b1_b1_oem_no_paris_seed19/metrics.json,rangeland_iou,0.312425754195,0.3124257541945148,match,Original replay log transcription checked against the archived per-seed metrics JSON.,
oem_seed_metrics_20260805.csv,4,verified,outputs/flair_b1_b0_oem_no_paris_seed37/metrics.json,mean_iou,0.38022,0.38022049456317475,match,Original replay log transcription checked against the archived per-seed metrics JSON.,
oem_seed_metrics_20260805.csv,4,verified,outputs/flair_b1_b0_oem_no_paris_seed37/metrics.json,rangeland_iou,0.0,0.0,match,Original replay log transcription checked against the archived per-seed metrics JSON.,
oem_seed_metrics_20260805.csv,5,verified,outputs/flair_b1_b1_oem_no_paris_seed37/metrics.json,mean_iou,0.329173,0.3291730573785113,match,Original replay log transcription checked against the archived per-seed metrics JSON.,
oem_seed_metrics_20260805.csv,5,verified,outputs/flair_b1_b1_oem_no_paris_seed37/metrics.json,rangeland_iou,0.31874452393,0.3187445239297962,match,Original replay log transcription checked against the archived per-seed metrics JSON.,
oem_seed_metrics_20260805.csv,6,verified,outputs/flair_b1_b0_oem_no_paris_seed73/metrics.json,mean_iou,0.373597,0.3735971838648931,match,Original replay log transcription checked against the archived per-seed metrics JSON.,
oem_seed_metrics_20260805.csv,6,verified,outputs/flair_b1_b0_oem_no_paris_seed73/metrics.json,rangeland_iou,0.0,0.0,match,Original replay log transcription checked against the archived per-seed metrics JSON.,
oem_seed_metrics_20260805.csv,7,verified,outputs/flair_b1_b1_oem_no_paris_seed73/metrics.json,mean_iou,0.341146,0.34114575424422916,match,Original replay log transcription checked against the archived per-seed metrics JSON.,
oem_seed_metrics_20260805.csv,7,verified,outputs/flair_b1_b1_oem_no_paris_seed73/metrics.json,rangeland_iou,0.304113320744,0.3041133207438367,match,Original replay log transcription checked against the archived per-seed metrics JSON.,
oem_seed_metrics_20260805.csv,8,verified,outputs/flair_b1_b0_half_oem_no_paris_seed19/metrics.json,mean_iou,0.365225,0.3652253674222064,match,Original replay log transcription checked against the archived per-seed metrics JSON.,
oem_seed_metrics_20260805.csv,8,verified,outputs/flair_b1_b0_half_oem_no_paris_seed19/metrics.json,rangeland_iou,0.0,0.0,match,Original replay log transcription checked against the archived per-seed metrics JSON.,
oem_seed_metrics_20260805.csv,9,verified,outputs/flair_b1_b0_half_oem_no_paris_seed37/metrics.json,mean_iou,0.38247,0.38246971335921087,match,Original replay log transcription checked against the archived per-seed metrics JSON.,
oem_seed_metrics_20260805.csv,9,verified,outputs/flair_b1_b0_half_oem_no_paris_seed37/metrics.json,rangeland_iou,0.0,0.0,match,Original replay log transcription checked against the archived per-seed metrics JSON.,
oem_seed_metrics_20260805.csv,10,verified,outputs/flair_b1_b0_half_oem_no_paris_seed73/metrics.json,mean_iou,0.368259,0.368259263765562,match,Original replay log transcription checked against the archived per-seed metrics JSON.,
oem_seed_metrics_20260805.csv,10,verified,outputs/flair_b1_b0_half_oem_no_paris_seed73/metrics.json,rangeland_iou,0.0,0.0,match,Original replay log transcription checked against the archived per-seed metrics JSON.,
semantic_drone_summary_20260805.csv,2,verified,outputs/semantic_drone_confirmation_bootstrap_summary.json,grass_iou,0.022435,0.022435040898109618,match,Direct fields from the archived Semantic Drone bootstrap summary.,
semantic_drone_summary_20260805.csv,3,verified,outputs/semantic_drone_confirmation_bootstrap_summary.json,grass_iou,0.0,0.0,match,Direct fields from the archived Semantic Drone bootstrap summary.,
semantic_drone_summary_20260805.csv,3,verified,outputs/semantic_drone_confirmation_bootstrap_summary.json,contrast_estimate,-0.022435,-0.022435040898109618,match,Direct fields from the archived Semantic Drone bootstrap summary.,
semantic_drone_summary_20260805.csv,3,verified,outputs/semantic_drone_confirmation_bootstrap_summary.json,ci_lower,-0.025257,-0.025257438674600962,match,Direct fields from the archived Semantic Drone bootstrap summary.,
semantic_drone_summary_20260805.csv,3,verified,outputs/semantic_drone_confirmation_bootstrap_summary.json,ci_upper,-0.019845,-0.019844966937711917,match,Direct fields from the archived Semantic Drone bootstrap summary.,
semantic_drone_summary_20260805.csv,4,verified,outputs/semantic_drone_confirmation_bootstrap_summary.json,grass_iou,0.228181,0.22818074245499229,match,Direct fields from the archived Semantic Drone bootstrap summary.,
semantic_drone_summary_20260805.csv,4,verified,outputs/semantic_drone_confirmation_bootstrap_summary.json,contrast_estimate,0.228181,0.22818074245499229,match,Direct fields from the archived Semantic Drone bootstrap summary.,
semantic_drone_summary_20260805.csv,4,verified,outputs/semantic_drone_confirmation_bootstrap_summary.json,ci_lower,0.201272,0.20127164382584556,match,Direct fields from the archived Semantic Drone bootstrap summary.,
semantic_drone_summary_20260805.csv,4,verified,outputs/semantic_drone_confirmation_bootstrap_summary.json,ci_upper,0.253905,0.2539053247031791,match,Direct fields from the archived Semantic Drone bootstrap summary.,
semantic_drone_summary_20260805.csv,5,verified,outputs/semantic_drone_confirmation_bootstrap_396_exploratory.json,grass_iou,0.022449,0.022449330623830612,match,Direct fields from the archived Semantic Drone bootstrap summary.,
semantic_drone_summary_20260805.csv,6,verified,outputs/semantic_drone_confirmation_bootstrap_396_exploratory.json,grass_iou,0.0,0.0,match,Direct fields from the archived Semantic Drone bootstrap summary.,
semantic_drone_summary_20260805.csv,6,verified,outputs/semantic_drone_confirmation_bootstrap_396_exploratory.json,contrast_estimate,-0.022449,-0.022449330623830612,match,Direct fields from the archived Semantic Drone bootstrap summary.,
semantic_drone_summary_20260805.csv,6,verified,outputs/semantic_drone_confirmation_bootstrap_396_exploratory.json,ci_lower,-0.025262,-0.02526229707680982,match,Direct fields from the archived Semantic Drone bootstrap summary.,
semantic_drone_summary_20260805.csv,6,verified,outputs/semantic_drone_confirmation_bootstrap_396_exploratory.json,ci_upper,-0.019889,-0.019889447399588048,match,Direct fields from the archived Semantic Drone bootstrap summary.,
semantic_drone_summary_20260805.csv,7,verified,outputs/semantic_drone_confirmation_bootstrap_396_exploratory.json,grass_iou,0.228494,0.22849350092211226,match,Direct fields from the archived Semantic Drone bootstrap summary.,
semantic_drone_summary_20260805.csv,7,verified,outputs/semantic_drone_confirmation_bootstrap_396_exploratory.json,contrast_estimate,0.228494,0.22849350092211226,match,Direct fields from the archived Semantic Drone bootstrap summary.,
semantic_drone_summary_20260805.csv,7,verified,outputs/semantic_drone_confirmation_bootstrap_396_exploratory.json,ci_lower,0.201405,0.20140511920801782,match,Direct fields from the archived Semantic Drone bootstrap summary.,
semantic_drone_summary_20260805.csv,7,verified,outputs/semantic_drone_confirmation_bootstrap_396_exploratory.json,ci_upper,0.255207,0.25520739946418003,match,Direct fields from the archived Semantic Drone bootstrap summary.,
diagnostic_boundaries_20260805.csv,2,verified,outputs/e0_b0_oem_b2test_bootstrap_summary.json,estimate,-0.010389,-0.010388870078994512,match,Direct field(s) from the archived diagnostic result.,
diagnostic_boundaries_20260805.csv,2,verified,outputs/e0_b0_oem_b2test_bootstrap_summary.json,ci_lower,-0.014148,-0.014148364654466696,match,Direct field(s) from the archived diagnostic result.,
diagnostic_boundaries_20260805.csv,2,verified,outputs/e0_b0_oem_b2test_bootstrap_summary.json,ci_upper,-0.007013,-0.007012595720700456,match,Direct field(s) from the archived diagnostic result.,
diagnostic_boundaries_20260805.csv,3,verified,outputs/e3_coverage_guard_openearthmap_smoke_v2/metrics.json,estimate,0.977932,0.9779315074518099,match,Direct field(s) from the archived diagnostic result.,
diagnostic_boundaries_20260805.csv,4,verified,outputs/flair_b1_oem_b2test_semantic_allocation.json,estimate,0.317735,0.31773474198724133,match,Direct field(s) from the archived diagnostic result.,
dataset_support_20260805.csv,2,verified,configs/loveda_data_v0.yaml,pair_count_or_population,2522 training pairs,2522 training pairs,match,Archived audit/configuration record confirms the stated population.,
dataset_support_20260805.csv,3,verified,audits/flair_b1_full_raw_audit_2026-08-03.json,pair_count_or_population,47712 training pairs,47712 training pairs,match,Archived audit/configuration record confirms the stated population.,
dataset_support_20260805.csv,4,verified,audits/flair_b1_source_ready_2026-08-03.json,pair_count_or_population,74 Paris-excluded cities / 2638 eligible pairs,74 Paris-excluded cities / 2638 eligible pairs,match,Archived audit/configuration record confirms the stated population.,
dataset_support_20260805.csv,5,verified,audits/semantic_drone_confirmation_manifest_20260804.json,pair_count_or_population,400 frozen-manifest rasters,400 frozen-manifest rasters,match,Archived audit/configuration record confirms the stated population.,
coverage_matrix_20260805.csv,2,verified,ontology/dataset_label_mappings_v0.yaml|ontology/dataset_label_mappings_flair_b1_v1.yaml,canonical_leaf,built_structure,built_structure,match,Categorical crosswalk row retained verbatim; mappings are archived.,
coverage_matrix_20260805.csv,3,verified,ontology/dataset_label_mappings_v0.yaml|ontology/dataset_label_mappings_flair_b1_v1.yaml,canonical_leaf,transport_surface,transport_surface,match,Categorical crosswalk row retained verbatim; mappings are archived.,
coverage_matrix_20260805.csv,4,verified,ontology/dataset_label_mappings_v0.yaml|ontology/dataset_label_mappings_flair_b1_v1.yaml,canonical_leaf,woody_vegetation,woody_vegetation,match,Categorical crosswalk row retained verbatim; mappings are archived.,
coverage_matrix_20260805.csv,5,verified,ontology/dataset_label_mappings_v0.yaml|ontology/dataset_label_mappings_flair_b1_v1.yaml,canonical_leaf,herbaceous_vegetation,herbaceous_vegetation,match,Categorical crosswalk row retained verbatim; mappings are archived.,
coverage_matrix_20260805.csv,6,verified,ontology/dataset_label_mappings_v0.yaml|ontology/dataset_label_mappings_flair_b1_v1.yaml,canonical_leaf,cropland,cropland,match,Categorical crosswalk row retained verbatim; mappings are archived.,
coverage_matrix_20260805.csv,7,verified,ontology/dataset_label_mappings_v0.yaml|ontology/dataset_label_mappings_flair_b1_v1.yaml,canonical_leaf,bare_surface,bare_surface,match,Categorical crosswalk row retained verbatim; mappings are archived.,
coverage_matrix_20260805.csv,8,verified,ontology/dataset_label_mappings_v0.yaml|ontology/dataset_label_mappings_flair_b1_v1.yaml,canonical_leaf,surface_water,surface_water,match,Categorical crosswalk row retained verbatim; mappings are archived.,
coverage_matrix_20260805.csv,9,verified,ontology/dataset_label_mappings_v0.yaml|ontology/dataset_label_mappings_flair_b1_v1.yaml,canonical_leaf,built_structure,built_structure,match,Categorical crosswalk row retained verbatim; mappings are archived.,
coverage_matrix_20260805.csv,10,verified,ontology/dataset_label_mappings_v0.yaml|ontology/dataset_label_mappings_flair_b1_v1.yaml,canonical_leaf,transport_surface,transport_surface,match,Categorical crosswalk row retained verbatim; mappings are archived.,
coverage_matrix_20260805.csv,11,verified,ontology/dataset_label_mappings_v0.yaml|ontology/dataset_label_mappings_flair_b1_v1.yaml,canonical_leaf,woody_vegetation,woody_vegetation,match,Categorical crosswalk row retained verbatim; mappings are archived.,
coverage_matrix_20260805.csv,12,verified,ontology/dataset_label_mappings_v0.yaml|ontology/dataset_label_mappings_flair_b1_v1.yaml,canonical_leaf,herbaceous_vegetation,herbaceous_vegetation,match,Categorical crosswalk row retained verbatim; mappings are archived.,
coverage_matrix_20260805.csv,13,verified,ontology/dataset_label_mappings_v0.yaml|ontology/dataset_label_mappings_flair_b1_v1.yaml,canonical_leaf,cropland,cropland,match,Categorical crosswalk row retained verbatim; mappings are archived.,
coverage_matrix_20260805.csv,14,verified,ontology/dataset_label_mappings_v0.yaml|ontology/dataset_label_mappings_flair_b1_v1.yaml,canonical_leaf,bare_surface,bare_surface,match,Categorical crosswalk row retained verbatim; mappings are archived.,
coverage_matrix_20260805.csv,15,verified,ontology/dataset_label_mappings_v0.yaml|ontology/dataset_label_mappings_flair_b1_v1.yaml,canonical_leaf,surface_water,surface_water,match,Categorical crosswalk row retained verbatim; mappings are archived.,
coverage_matrix_20260805.csv,16,verified,ontology/dataset_label_mappings_v0.yaml|ontology/dataset_label_mappings_flair_b1_v1.yaml,canonical_leaf,built_structure,built_structure,match,Categorical crosswalk row retained verbatim; mappings are archived.,
coverage_matrix_20260805.csv,17,verified,ontology/dataset_label_mappings_v0.yaml|ontology/dataset_label_mappings_flair_b1_v1.yaml,canonical_leaf,transport_surface,transport_surface,match,Categorical crosswalk row retained verbatim; mappings are archived.,
coverage_matrix_20260805.csv,18,verified,ontology/dataset_label_mappings_v0.yaml|ontology/dataset_label_mappings_flair_b1_v1.yaml,canonical_leaf,woody_vegetation,woody_vegetation,match,Categorical crosswalk row retained verbatim; mappings are archived.,
coverage_matrix_20260805.csv,19,verified,ontology/dataset_label_mappings_v0.yaml|ontology/dataset_label_mappings_flair_b1_v1.yaml,canonical_leaf,herbaceous_vegetation,herbaceous_vegetation,match,Categorical crosswalk row retained verbatim; mappings are archived.,
coverage_matrix_20260805.csv,20,verified,ontology/dataset_label_mappings_v0.yaml|ontology/dataset_label_mappings_flair_b1_v1.yaml,canonical_leaf,cropland,cropland,match,Categorical crosswalk row retained verbatim; mappings are archived.,
coverage_matrix_20260805.csv,21,verified,ontology/dataset_label_mappings_v0.yaml|ontology/dataset_label_mappings_flair_b1_v1.yaml,canonical_leaf,bare_surface,bare_surface,match,Categorical crosswalk row retained verbatim; mappings are archived.,
coverage_matrix_20260805.csv,22,verified,ontology/dataset_label_mappings_v0.yaml|ontology/dataset_label_mappings_flair_b1_v1.yaml,canonical_leaf,surface_water,surface_water,match,Categorical crosswalk row retained verbatim; mappings are archived.,
coverage_matrix_20260805.csv,23,verified,ontology/dataset_label_mappings_v0.yaml|ontology/dataset_label_mappings_flair_b1_v1.yaml,canonical_leaf,built_structure,built_structure,match,Categorical crosswalk row retained verbatim; mappings are archived.,
coverage_matrix_20260805.csv,24,verified,ontology/dataset_label_mappings_v0.yaml|ontology/dataset_label_mappings_flair_b1_v1.yaml,canonical_leaf,transport_surface,transport_surface,match,Categorical crosswalk row retained verbatim; mappings are archived.,
coverage_matrix_20260805.csv,25,verified,ontology/dataset_label_mappings_v0.yaml|ontology/dataset_label_mappings_flair_b1_v1.yaml,canonical_leaf,woody_vegetation,woody_vegetation,match,Categorical crosswalk row retained verbatim; mappings are archived.,
coverage_matrix_20260805.csv,26,verified,ontology/dataset_label_mappings_v0.yaml|ontology/dataset_label_mappings_flair_b1_v1.yaml,canonical_leaf,herbaceous_vegetation,herbaceous_vegetation,match,Categorical crosswalk row retained verbatim; mappings are archived.,
coverage_matrix_20260805.csv,27,verified,ontology/dataset_label_mappings_v0.yaml|ontology/dataset_label_mappings_flair_b1_v1.yaml,canonical_leaf,cropland,cropland,match,Categorical crosswalk row retained verbatim; mappings are archived.,
coverage_matrix_20260805.csv,28,verified,ontology/dataset_label_mappings_v0.yaml|ontology/dataset_label_mappings_flair_b1_v1.yaml,canonical_leaf,bare_surface,bare_surface,match,Categorical crosswalk row retained verbatim; mappings are archived.,
coverage_matrix_20260805.csv,29,verified,ontology/dataset_label_mappings_v0.yaml|ontology/dataset_label_mappings_flair_b1_v1.yaml,canonical_leaf,surface_water,surface_water,match,Categorical crosswalk row retained verbatim; mappings are archived.,
protocol_metadata_20260805.csv,2,verified,ontology/land_cover_taxonomy_v0.yaml,value,land-cover-taxonomy-v0,land-cover-taxonomy-v0,match,Recorded protocol/audit metadata checked against the archived source record.,
protocol_metadata_20260805.csv,3,verified,ontology/dataset_label_mappings_v0.yaml,value,dataset-label-mappings-v0,dataset-label-mappings-v0,match,Recorded protocol/audit metadata checked against the archived source record.,
protocol_metadata_20260805.csv,4,verified,ontology/dataset_label_mappings_flair_b1_v1.yaml,value,dataset-label-mappings-flair-b1-v1,dataset-label-mappings-flair-b1-v1,match,Recorded protocol/audit metadata checked against the archived source record.,
protocol_metadata_20260805.csv,5,verified,configs/taxonomy_prompts_v0.yaml,value,taxonomy-prompts-v0,taxonomy-prompts-v0,match,Recorded protocol/audit metadata checked against the archived source record.,
protocol_metadata_20260805.csv,6,verified,audits/flair_b1_full_raw_audit_2026-08-03.json,value,61712,61712,match,Recorded protocol/audit metadata checked against the archived source record.,
protocol_metadata_20260805.csv,7,verified,audits/flair_b1_full_raw_audit_2026-08-03.json,value,1 through 19,1 through 19,match,Recorded protocol/audit metadata checked against the archived source record.,
protocol_metadata_20260805.csv,8,verified,audits/flair_b1_full_raw_audit_2026-08-03.json,value,2886249939,2886249939,match,Recorded protocol/audit metadata checked against the archived source record.,
protocol_metadata_20260805.csv,9,verified,audits/flair_b1_full_source_manifest_2026-08-03.json,value,98BB38B221ABDBEA5A22C75774589366DE741615CE4402828C27BDC74D7F4FE6,98BB38B221ABDBEA5A22C75774589366DE741615CE4402828C27BDC74D7F4FE6,match,Recorded protocol/audit metadata checked against the archived source record.,
protocol_metadata_20260805.csv,10,verified,audits/flair_b1_source_ready_2026-08-03.json,value,2687,2687,match,Recorded protocol/audit metadata checked against the archived source record.,
protocol_metadata_20260805.csv,11,verified,audits/flair_b1_source_ready_2026-08-03.json,value,2638,2638,match,Recorded protocol/audit metadata checked against the archived source record.,
protocol_metadata_20260805.csv,12,verified,outputs/b2_openearthmap_e1_seed19/run_config.json,value,16,16,match,Recorded protocol/audit metadata checked against the archived source record.,
protocol_metadata_20260805.csv,13,verified,outputs/b2_openearthmap_e1_seed19/run_config.json,value,595,595,match,Recorded protocol/audit metadata checked against the archived source record.,
protocol_metadata_20260805.csv,14,verified,outputs/b2_openearthmap_e1_seed19/run_config.json,value,197a41e375d9e4cd1f1c56dd550ec43cdfd5da142baac6658e897a1350bd1d78,197a41e375d9e4cd1f1c56dd550ec43cdfd5da142baac6658e897a1350bd1d78,match,Recorded protocol/audit metadata checked against the archived source record.,
protocol_metadata_20260805.csv,15,verified,audits/semantic_drone_full_raw_audit_20260804.json,value,426427ce836c495dc85a7d857b64d6cae519a4dc82150c6fe11c22ddf5c2cbf1,426427ce836c495dc85a7d857b64d6cae519a4dc82150c6fe11c22ddf5c2cbf1,match,Recorded protocol/audit metadata checked against the archived source record.,
protocol_metadata_20260805.csv,16,verified,audits/semantic_drone_full_raw_audit_20260804.json,value,400,400,match,Recorded protocol/audit metadata checked against the archived source record.,
protocol_metadata_20260805.csv,17,verified,audits/semantic_drone_confirmation_manifest_20260804.json,value,e0e22d90392a5997299f44d7e02ca94a626c6c0e996ebebb9769e81a2762504d,e0e22d90392a5997299f44d7e02ca94a626c6c0e996ebebb9769e81a2762504d,match,Recorded protocol/audit metadata checked against the archived source record.,
protocol_metadata_20260805.csv,18,verified,outputs/flair_b1_oem_no_paris_bootstrap_summary.json,value,2000 paired city resamples; seed 20260803; percentile 95%,2000 paired city resamples; seed 20260803; percentile 95%,match,Recorded protocol/audit metadata checked against the archived source record.,
protocol_metadata_20260805.csv,19,verified,outputs/semantic_drone_confirmation_bootstrap_summary.json,value,2000 paired raster resamples; seed 20260804; percentile 95%,2000 paired raster resamples; seed 20260804; percentile 95%,match,Recorded protocol/audit metadata checked against the archived source record.,
protocol_metadata_20260805.csv,20,verified,audits/flair_b1_source_ready_2026-08-03.json,value,Paris exclusion is conservative source-country guard,Paris exclusion is conservative source-country guard,match,Recorded protocol/audit metadata checked against the archived source record.,
